timestamp,tool,workers,concurrency,duration_sec,rps,transfer_sec_human,transfer_bytes_sec,latency_ms,failed_requests,connect_errors,read_errors,write_errors,timeout_errors,stop_reason
2026-03-05T12:27:37Z,wrk,4,50,8,25895.91,12.92MB,13547601.920,1.290,0,0,0,0,0,continue
2026-03-05T12:27:46Z,wrk,4,100,8,23427.24,11.68MB,12247367.680,2.750,0,0,0,0,0,continue
2026-03-05T12:27:54Z,wrk,4,150,8,23656.20,11.80MB,12373196.800,4.000,0,0,0,0,0,continue
2026-03-05T12:28:02Z,wrk,4,200,8,23652.62,11.80MB,12373196.800,5.310,0,0,0,0,0,continue
2026-03-05T12:28:10Z,wrk,4,250,8,22925.04,11.43MB,11985223.680,6.770,0,0,0,0,0,continue
2026-03-05T12:28:18Z,wrk,4,300,8,23282.66,11.61MB,12173967.360,8.070,0,0,0,0,0,continue
2026-03-05T12:28:26Z,wrk,4,350,8,22639.76,11.29MB,11838423.040,9.840,0,0,0,0,0,continue
2026-03-05T12:28:52Z,wrk,4,50,8,23308.25,11.63MB,12194938.880,1.410,0,0,0,0,0,continue
2026-03-05T12:29:00Z,wrk,4,150,8,23370.31,11.66MB,12226396.160,4.060,0,0,0,0,0,continue
2026-03-05T12:29:08Z,wrk,4,250,8,22912.43,11.43MB,11985223.680,6.770,0,0,0,0,0,continue
2026-03-05T12:29:16Z,wrk,4,350,8,23398.28,11.67MB,12236881.920,9.910,0,0,0,0,0,continue
2026-03-05T12:29:24Z,wrk,4,450,8,22895.45,11.42MB,11974737.920,12.250,0,0,0,0,0,continue
2026-03-05T12:29:32Z,wrk,4,550,8,22781.05,11.36MB,11911823.360,14.660,0,0,0,0,0,continue
2026-03-05T12:29:41Z,wrk,4,650,8,22103.52,11.02MB,11555307.520,17.380,0,0,0,0,0,continue
2026-03-05T12:29:49Z,wrk,4,750,8,22343.18,11.14MB,11681136.640,17.890,0,0,0,0,0,continue
2026-03-05T12:29:57Z,wrk,4,850,8,22229.82,11.09MB,11628707.840,19.870,0,0,0,0,0,continue
2026-03-05T12:30:05Z,wrk,4,950,8,21756.75,10.85MB,11377049.600,20.590,0,0,0,0,0,continue
2026-03-05T12:30:13Z,wrk,4,1050,8,22014.38,10.98MB,11513364.480,21.970,31,31,0,0,0,first_socket_error
2026-03-05T12:30:22Z,wrk,8,50,8,22572.21,11.26MB,11806965.760,1.400,0,0,0,0,0,continue
2026-03-05T12:30:30Z,wrk,8,150,8,23643.96,11.79MB,12362711.040,3.690,0,0,0,0,0,continue
2026-03-05T12:30:38Z,wrk,8,250,8,23272.60,11.61MB,12173967.360,6.320,0,0,0,0,0,continue
2026-03-05T12:30:46Z,wrk,8,350,8,22903.87,11.42MB,11974737.920,8.190,0,0,0,0,0,continue
2026-03-05T12:30:55Z,wrk,8,450,8,22581.36,11.26MB,11806965.760,10.290,0,0,0,0,0,continue
2026-03-05T12:31:03Z,wrk,8,550,8,21247.15,10.60MB,11114905.600,12.050,0,0,0,0,0,continue
2026-03-05T12:31:11Z,wrk,8,650,8,21588.36,10.77MB,11293163.520,13.640,0,0,0,0,0,continue
2026-03-05T12:31:19Z,wrk,8,750,8,21286.38,10.62MB,11135877.120,15.790,0,0,0,0,0,continue
2026-03-05T12:31:27Z,wrk,8,850,8,21295.43,10.62MB,11135877.120,17.710,0,0,0,0,0,continue
2026-03-05T12:31:35Z,wrk,8,950,8,20842.29,10.40MB,10905190.400,20.860,0,0,0,0,0,continue
2026-03-05T12:31:43Z,wrk,8,1050,8,21016.10,10.48MB,10989076.480,21.830,31,31,0,0,0,first_socket_error
2026-03-05T12:31:52Z,wrk,16,50,8,20827.28,10.39MB,10894704.640,1.330,0,0,0,0,0,continue
2026-03-05T12:32:01Z,wrk,16,150,8,23558.29,11.75MB,12320768.000,3.720,0,0,0,0,0,continue
2026-03-05T12:32:09Z,wrk,16,250,8,22627.87,11.29MB,11838423.040,5.320,0,0,0,0,0,continue
2026-03-05T12:32:17Z,wrk,16,350,8,22669.86,11.31MB,11859394.560,7.480,0,0,0,0,0,continue
2026-03-05T12:32:25Z,wrk,16,450,8,21683.62,10.82MB,11345592.320,9.190,0,0,0,0,0,continue
2026-03-05T12:32:33Z,wrk,16,550,8,21306.53,10.63MB,11146362.880,11.170,0,0,0,0,0,continue
2026-03-05T12:32:41Z,wrk,16,650,8,21713.39,10.83MB,11356078.080,13.240,0,0,0,0,0,continue
2026-03-05T12:32:49Z,wrk,16,750,8,21437.54,10.69MB,11209277.440,15.410,0,0,0,0,0,continue
2026-03-05T12:32:57Z,wrk,16,850,8,21250.36,10.60MB,11114905.600,16.790,0,0,0,0,0,continue
2026-03-05T12:33:06Z,wrk,16,950,8,20728.75,10.34MB,10842275.840,19.080,0,0,0,0,0,continue
2026-03-05T12:33:14Z,wrk,16,1050,8,20786.78,10.37MB,10873733.120,20.510,31,31,0,0,0,first_socket_error
2026-03-05T12:33:24Z,wrk,4,50,8,22591.71,11.27MB,11817451.520,1.520,0,0,0,0,0,continue
2026-03-05T12:33:33Z,wrk,4,150,8,23672.02,11.81MB,12383682.560,3.930,0,0,0,0,0,continue
2026-03-05T12:33:41Z,wrk,4,250,8,23369.74,11.66MB,12226396.160,6.730,0,0,0,0,0,continue
2026-03-05T12:33:49Z,wrk,4,350,8,23324.11,11.63MB,12194938.880,9.670,0,0,0,0,0,continue
2026-03-05T12:33:57Z,wrk,4,450,8,22024.78,10.99MB,11523850.240,13.340,0,0,0,0,0,continue
2026-03-05T12:34:05Z,wrk,4,550,8,23121.49,11.53MB,12090081.280,14.780,0,0,0,0,0,continue
2026-03-05T12:34:13Z,wrk,4,650,8,22754.08,11.35MB,11901337.600,16.670,0,0,0,0,0,continue
2026-03-05T12:34:21Z,wrk,4,750,8,22764.43,11.35MB,11901337.600,17.800,0,0,0,0,0,continue
2026-03-05T12:34:29Z,wrk,4,850,8,21434.73,10.69MB,11209277.440,20.230,0,0,0,0,0,continue
2026-03-05T12:34:38Z,wrk,4,950,8,21825.43,10.89MB,11418992.640,20.130,0,0,0,0,0,continue
2026-03-05T12:34:46Z,wrk,4,1050,8,21769.08,10.86MB,11387535.360,21.170,31,31,0,0,0,first_socket_error
2026-03-05T12:34:55Z,wrk,8,50,8,21774.25,10.86MB,11387535.360,1.390,0,0,0,0,0,continue
2026-03-05T12:35:03Z,wrk,8,150,8,23576.97,11.76MB,12331253.760,3.750,0,0,0,0,0,continue
2026-03-05T12:35:11Z,wrk,8,250,8,23335.06,11.64MB,12205424.640,6.170,0,0,0,0,0,continue
2026-03-05T12:35:19Z,wrk,8,350,8,22900.46,11.42MB,11974737.920,8.390,0,0,0,0,0,continue
2026-03-05T12:35:27Z,wrk,8,450,8,21506.27,10.73MB,11251220.480,10.070,0,0,0,0,0,continue
2026-03-05T12:35:35Z,wrk,8,550,8,21789.75,10.87MB,11398021.120,11.490,0,0,0,0,0,continue
2026-03-05T12:35:43Z,wrk,8,650,8,21638.44,10.79MB,11314135.040,13.720,0,0,0,0,0,continue
2026-03-05T12:35:52Z,wrk,8,750,8,21249.09,10.60MB,11114905.600,16.730,0,0,0,0,0,continue
2026-03-05T12:36:00Z,wrk,8,850,8,21253.15,10.60MB,11114905.600,18.910,0,0,0,0,0,continue
2026-03-05T12:36:08Z,wrk,8,950,8,21341.75,10.64MB,11156848.640,21.220,0,0,0,0,0,continue
2026-03-05T12:36:16Z,wrk,8,1050,8,21232.58,10.59MB,11104419.840,22.750,31,31,0,0,0,first_socket_error
2026-03-05T12:36:25Z,wrk,16,50,8,20243.28,10.10MB,10590617.600,1.360,0,0,0,0,0,continue
2026-03-05T12:36:33Z,wrk,16,150,8,23268.66,11.61MB,12173967.360,3.540,0,0,0,0,0,continue
2026-03-05T12:36:41Z,wrk,16,250,8,23042.02,11.49MB,12048138.240,5.440,0,0,0,0,0,continue
2026-03-05T12:36:49Z,wrk,16,350,8,22223.64,11.08MB,11618222.080,7.110,0,0,0,0,0,continue
2026-03-05T12:36:58Z,wrk,16,450,8,21627.40,10.79MB,11314135.040,9.290,0,0,0,0,0,continue
2026-03-05T12:37:06Z,wrk,16,550,8,21861.79,10.90MB,11429478.400,11.370,0,0,0,0,0,continue
2026-03-05T12:37:14Z,wrk,16,650,8,20873.77,10.41MB,10915676.160,12.930,0,0,0,0,0,continue
2026-03-05T12:37:22Z,wrk,16,750,8,21398.99,10.67MB,11188305.920,15.120,0,0,0,0,0,continue
2026-03-05T12:37:30Z,wrk,16,850,8,20830.84,10.39MB,10894704.640,17.260,0,0,0,0,0,continue
2026-03-05T12:37:38Z,wrk,16,950,8,21249.96,10.60MB,11114905.600,19.020,0,0,0,0,0,continue
2026-03-05T12:37:46Z,wrk,16,1050,8,21198.49,10.57MB,11083448.320,21.160,31,31,0,0,0,first_socket_error
2026-03-05T12:37:57Z,wrk,4,50,8,22963.88,11.45MB,12006195.200,1.430,0,0,0,0,0,continue
2026-03-05T12:38:05Z,wrk,4,150,8,23873.47,11.91MB,12488540.160,3.950,0,0,0,0,0,continue
2026-03-05T12:38:13Z,wrk,4,250,8,23354.68,11.65MB,12215910.400,6.630,0,0,0,0,0,continue
2026-03-05T12:38:21Z,wrk,4,350,8,23083.08,11.51MB,12069109.760,9.730,0,0,0,0,0,continue
2026-03-05T12:38:29Z,wrk,4,450,8,22640.08,11.29MB,11838423.040,13.000,0,0,0,0,0,continue
2026-03-05T12:38:37Z,wrk,4,550,8,22432.97,11.19MB,11733565.440,14.730,0,0,0,0,0,continue
2026-03-05T12:38:46Z,wrk,4,650,8,22206.10,11.08MB,11618222.080,17.510,0,0,0,0,0,continue
2026-03-05T12:38:54Z,wrk,4,750,8,22804.74,11.37MB,11922309.120,17.940,0,0,0,0,0,continue
2026-03-05T12:39:02Z,wrk,4,850,8,21857.06,10.90MB,11429478.400,20.260,0,0,0,0,0,continue
2026-03-05T12:39:10Z,wrk,4,950,8,21135.35,10.54MB,11051991.040,21.790,0,0,0,0,0,continue
2026-03-05T12:39:18Z,wrk,4,1050,8,22748.29,11.35MB,11901337.600,21.870,31,31,0,0,0,first_socket_error
2026-03-05T12:39:27Z,wrk,8,50,8,21712.76,10.83MB,11356078.080,1.380,0,0,0,0,0,continue
2026-03-05T12:39:35Z,wrk,8,150,8,23823.70,11.88MB,12457082.880,3.760,0,0,0,0,0,continue
2026-03-05T12:39:43Z,wrk,8,250,8,23261.01,11.60MB,12163481.600,5.860,0,0,0,0,0,continue
2026-03-05T12:39:52Z,wrk,8,350,8,22421.46,11.18MB,11723079.680,8.000,0,0,0,0,0,continue
2026-03-05T12:40:00Z,wrk,8,450,8,22211.22,11.08MB,11618222.080,9.680,0,0,0,0,0,continue
2026-03-05T12:40:08Z,wrk,8,550,8,22003.16,10.97MB,11502878.720,11.730,0,0,0,0,0,continue
2026-03-05T12:40:16Z,wrk,8,650,8,21876.82,10.91MB,11439964.160,14.550,0,0,0,0,0,continue
2026-03-05T12:40:24Z,wrk,8,750,8,21137.62,10.54MB,11051991.040,16.570,0,0,0,0,0,continue
2026-03-05T12:40:32Z,wrk,8,850,8,21498.17,10.72MB,11240734.720,18.500,0,0,0,0,0,continue
2026-03-05T12:40:40Z,wrk,8,950,8,21171.80,10.56MB,11072962.560,21.330,0,0,0,0,0,continue
2026-03-05T12:40:48Z,wrk,8,1050,8,20557.33,10.25MB,10747904.000,23.010,31,31,0,0,0,first_socket_error
2026-03-05T12:40:57Z,wrk,16,50,8,20834.18,10.39MB,10894704.640,1.340,0,0,0,0,0,continue
2026-03-05T12:41:06Z,wrk,16,150,8,23014.74,11.48MB,12037652.480,3.540,0,0,0,0,0,continue
2026-03-05T12:41:14Z,wrk,16,250,8,22823.53,11.38MB,11932794.880,5.430,0,0,0,0,0,continue
2026-03-05T12:41:22Z,wrk,16,350,8,21928.65,10.94MB,11471421.440,7.530,0,0,0,0,0,continue
2026-03-05T12:41:30Z,wrk,16,450,8,21867.45,10.91MB,11439964.160,9.010,0,0,0,0,0,continue
2026-03-05T12:41:38Z,wrk,16,550,8,21615.48,10.78MB,11303649.280,11.150,0,0,0,0,0,continue
2026-03-05T12:41:46Z,wrk,16,650,8,21905.61,10.93MB,11460935.680,13.430,0,0,0,0,0,continue
2026-03-05T12:41:54Z,wrk,16,750,8,21231.68,10.59MB,11104419.840,15.930,0,0,0,0,0,continue
2026-03-05T12:42:02Z,wrk,16,850,8,21737.94,10.84MB,11366563.840,17.940,0,0,0,0,0,continue
2026-03-05T12:42:10Z,wrk,16,950,8,20416.64,10.18MB,10674503.680,19.240,0,0,0,0,0,continue
2026-03-05T12:42:19Z,wrk,16,1050,8,20655.58,10.30MB,10800332.800,20.550,31,31,0,0,0,first_socket_error
2026-03-05T12:42:29Z,wrk,4,50,8,22846.90,11.40MB,11953766.400,1.450,0,0,0,0,0,continue
2026-03-05T12:42:37Z,wrk,4,150,8,23855.73,11.90MB,12478054.400,3.990,0,0,0,0,0,continue
2026-03-05T12:42:45Z,wrk,4,250,8,23630.85,11.79MB,12362711.040,6.630,0,0,0,0,0,continue
2026-03-05T12:42:54Z,wrk,4,350,8,21397.83,10.67MB,11188305.920,10.730,0,0,0,0,0,continue
2026-03-05T12:43:02Z,wrk,4,450,8,20086.88,10.02MB,10506731.520,14.620,0,0,0,0,0,continue
2026-03-05T12:43:10Z,wrk,4,550,8,21428.81,10.69MB,11209277.440,16.110,0,0,0,0,0,continue
2026-03-05T12:43:18Z,wrk,4,650,8,21259.27,10.60MB,11114905.600,18.420,0,0,0,0,0,continue
2026-03-05T12:43:26Z,wrk,4,750,8,21215.73,10.58MB,11093934.080,19.950,0,0,0,0,0,continue
2026-03-05T12:43:34Z,wrk,4,850,8,21340.21,10.64MB,11156848.640,21.770,0,0,0,0,0,continue
2026-03-05T12:43:42Z,wrk,4,950,8,21321.35,10.63MB,11146362.880,21.670,0,0,0,0,0,continue
2026-03-05T12:43:50Z,wrk,4,1050,8,21334.79,10.64MB,11156848.640,22.620,31,31,0,0,0,first_socket_error
2026-03-05T12:43:59Z,wrk,8,50,8,22572.70,11.26MB,11806965.760,1.400,0,0,0,0,0,continue
2026-03-05T12:44:08Z,wrk,8,150,8,23641.69,11.79MB,12362711.040,3.760,0,0,0,0,0,continue
2026-03-05T12:44:16Z,wrk,8,250,8,23485.89,11.71MB,12278824.960,5.980,0,0,0,0,0,continue
2026-03-05T12:44:24Z,wrk,8,350,8,22647.28,11.30MB,11848908.800,8.330,0,0,0,0,0,continue
2026-03-05T12:44:32Z,wrk,8,450,8,22637.39,11.29MB,11838423.040,10.020,0,0,0,0,0,continue
2026-03-05T12:44:40Z,wrk,8,550,8,22051.45,11.00MB,11534336.000,11.950,0,0,0,0,0,continue
2026-03-05T12:44:48Z,wrk,8,650,8,21180.20,10.56MB,11072962.560,13.920,0,0,0,0,0,continue
2026-03-05T12:44:56Z,wrk,8,750,8,21317.18,10.63MB,11146362.880,15.610,0,0,0,0,0,continue
2026-03-05T12:45:04Z,wrk,8,850,8,21216.33,10.58MB,11093934.080,18.120,0,0,0,0,0,continue
2026-03-05T12:45:13Z,wrk,8,950,8,20962.77,10.46MB,10968104.960,20.460,0,0,0,0,0,continue
2026-03-05T12:45:21Z,wrk,8,1050,8,20631.64,10.29MB,10789847.040,22.640,31,31,0,0,0,first_socket_error
2026-03-05T12:45:30Z,wrk,16,50,8,20722.36,10.34MB,10842275.840,1.320,0,0,0,0,0,continue
2026-03-05T12:45:38Z,wrk,16,150,8,23520.98,11.73MB,12299796.480,3.730,0,0,0,0,0,continue
2026-03-05T12:45:46Z,wrk,16,250,8,22403.89,11.17MB,11712593.920,5.490,0,0,0,0,0,continue
2026-03-05T12:45:54Z,wrk,16,350,8,22438.31,11.19MB,11733565.440,6.990,0,0,0,0,0,continue
2026-03-05T12:46:02Z,wrk,16,450,8,21812.72,10.88MB,11408506.880,9.140,0,0,0,0,0,continue
2026-03-05T12:46:10Z,wrk,16,550,8,21860.44,10.90MB,11429478.400,11.260,0,0,0,0,0,continue
2026-03-05T12:46:18Z,wrk,16,650,8,21372.19,10.66MB,11177820.160,13.720,0,0,0,0,0,continue
2026-03-05T12:46:27Z,wrk,16,750,8,21479.64,10.71MB,11230248.960,15.020,0,0,0,0,0,continue
2026-03-05T12:46:35Z,wrk,16,850,8,21084.98,10.52MB,11031019.520,16.940,0,0,0,0,0,continue
2026-03-05T12:46:43Z,wrk,16,950,8,21103.87,10.53MB,11041505.280,18.840,0,0,0,0,0,continue
2026-03-05T12:46:51Z,wrk,16,1050,8,20601.34,10.28MB,10779361.280,21.000,31,31,0,0,0,first_socket_error
2026-03-05T12:47:02Z,wrk,4,50,8,23101.34,11.52MB,12079595.520,1.440,0,0,0,0,0,continue
2026-03-05T12:47:10Z,wrk,4,150,8,23062.41,11.50MB,12058624.000,4.190,0,0,0,0,0,continue
2026-03-05T12:47:18Z,wrk,4,250,8,23594.05,11.77MB,12341739.520,6.780,0,0,0,0,0,continue
2026-03-05T12:47:26Z,wrk,4,350,8,22999.54,11.47MB,12027166.720,10.010,0,0,0,0,0,continue
2026-03-05T12:47:34Z,wrk,4,450,8,22806.12,11.38MB,11932794.880,13.120,0,0,0,0,0,continue
2026-03-05T12:47:42Z,wrk,4,550,8,22508.71,11.23MB,11775508.480,15.640,0,0,0,0,0,continue
2026-03-05T12:47:50Z,wrk,4,650,8,22173.07,11.06MB,11597250.560,16.760,0,0,0,0,0,continue
2026-03-05T12:47:58Z,wrk,4,750,8,22331.69,11.14MB,11681136.640,18.840,0,0,0,0,0,continue
2026-03-05T12:48:06Z,wrk,4,850,8,22446.37,11.20MB,11744051.200,19.260,0,0,0,0,0,continue
2026-03-05T12:48:15Z,wrk,4,950,8,21774.56,10.86MB,11387535.360,21.580,0,0,0,0,0,continue
2026-03-05T12:48:23Z,wrk,4,1050,8,21603.44,10.78MB,11303649.280,21.770,31,31,0,0,0,first_socket_error
2026-03-05T12:48:32Z,wrk,8,50,8,22458.21,11.20MB,11744051.200,1.390,0,0,0,0,0,continue
2026-03-05T12:48:40Z,wrk,8,150,8,23526.45,11.73MB,12299796.480,3.750,0,0,0,0,0,continue
2026-03-05T12:48:48Z,wrk,8,250,8,22721.46,11.33MB,11880366.080,6.000,0,0,0,0,0,continue
2026-03-05T12:48:56Z,wrk,8,350,8,22424.51,11.18MB,11723079.680,7.690,0,0,0,0,0,continue
2026-03-05T12:49:04Z,wrk,8,450,8,21860.48,10.90MB,11429478.400,9.490,0,0,0,0,0,continue
2026-03-05T12:49:12Z,wrk,8,550,8,21401.85,10.67MB,11188305.920,11.540,0,0,0,0,0,continue
2026-03-05T12:49:20Z,wrk,8,650,8,21073.00,10.51MB,11020533.760,14.030,0,0,0,0,0,continue
2026-03-05T12:49:29Z,wrk,8,750,8,21633.68,10.79MB,11314135.040,16.510,0,0,0,0,0,continue
2026-03-05T12:49:37Z,wrk,8,850,8,21251.27,10.60MB,11114905.600,18.570,0,0,0,0,0,continue
2026-03-05T12:49:45Z,wrk,8,950,8,21134.31,10.54MB,11051991.040,20.720,0,0,0,0,0,continue
2026-03-05T12:49:53Z,wrk,8,1050,8,20929.04,10.44MB,10947133.440,22.270,31,31,0,0,0,first_socket_error
2026-03-05T12:50:02Z,wrk,16,50,8,20615.56,10.28MB,10779361.280,1.320,0,0,0,0,0,continue
2026-03-05T12:50:10Z,wrk,16,150,8,22783.14,11.36MB,11911823.360,3.500,0,0,0,0,0,continue
2026-03-05T12:50:18Z,wrk,16,250,8,22449.69,11.20MB,11744051.200,5.590,0,0,0,0,0,continue
2026-03-05T12:50:26Z,wrk,16,350,8,22191.89,11.07MB,11607736.320,6.990,0,0,0,0,0,continue
2026-03-05T12:50:34Z,wrk,16,450,8,21711.84,10.83MB,11356078.080,8.950,0,0,0,0,0,continue
2026-03-05T12:50:43Z,wrk,16,550,8,21496.77,10.72MB,11240734.720,11.300,0,0,0,0,0,continue
2026-03-05T12:50:51Z,wrk,16,650,8,21093.80,10.52MB,11031019.520,13.460,0,0,0,0,0,continue
2026-03-05T12:50:59Z,wrk,16,750,8,21013.62,10.48MB,10989076.480,15.490,0,0,0,0,0,continue
2026-03-05T12:51:07Z,wrk,16,850,8,21033.54,10.49MB,10999562.240,17.100,0,0,0,0,0,continue
2026-03-05T12:51:15Z,wrk,16,950,8,21169.89,10.56MB,11072962.560,19.180,0,0,0,0,0,continue
2026-03-05T12:51:23Z,wrk,16,1050,8,20185.69,10.07MB,10559160.320,20.400,31,31,0,0,0,first_socket_error
2026-03-05T12:51:44Z,wrk,4,50,8,25458.44,12.70MB,13316915.200,1.300,0,0,0,0,0,continue
2026-03-05T12:51:52Z,wrk,4,150,8,23287.94,11.62MB,12184453.120,4.070,0,0,0,0,0,continue
2026-03-05T12:52:00Z,wrk,4,250,8,23215.04,11.58MB,12142510.080,6.850,0,0,0,0,0,continue
2026-03-05T12:52:08Z,wrk,4,350,8,22887.51,11.42MB,11974737.920,9.900,0,0,0,0,0,continue
2026-03-05T12:52:16Z,wrk,4,450,8,22142.90,11.04MB,11576279.040,13.290,0,0,0,0,0,continue
2026-03-05T12:52:25Z,wrk,4,550,8,22423.43,11.18MB,11723079.680,15.370,0,0,0,0,0,continue
2026-03-05T12:52:33Z,wrk,4,650,8,22549.48,11.25MB,11796480.000,17.380,0,0,0,0,0,continue
2026-03-05T12:52:41Z,wrk,4,750,8,22728.95,11.34MB,11890851.840,18.320,0,0,0,0,0,continue
2026-03-05T12:52:49Z,wrk,4,850,8,21952.26,10.95MB,11481907.200,20.160,0,0,0,0,0,continue
2026-03-05T12:52:57Z,wrk,4,950,8,22478.70,11.21MB,11754536.960,20.780,0,0,0,0,0,continue
2026-03-05T12:53:05Z,wrk,4,1050,8,22441.09,11.19MB,11733565.440,22.170,31,31,0,0,0,first_socket_error
2026-03-05T12:53:14Z,wrk,8,50,8,22355.77,11.15MB,11691622.400,1.390,0,0,0,0,0,continue
2026-03-05T12:53:22Z,wrk,8,150,8,23157.03,11.55MB,12111052.800,3.840,0,0,0,0,0,continue
2026-03-05T12:53:30Z,wrk,8,250,8,23398.48,11.67MB,12236881.920,6.070,0,0,0,0,0,continue
2026-03-05T12:53:39Z,wrk,8,350,8,22716.74,11.33MB,11880366.080,7.910,0,0,0,0,0,continue
2026-03-05T12:53:47Z,wrk,8,450,8,22153.87,11.05MB,11586764.800,10.710,0,0,0,0,0,continue
2026-03-05T12:53:55Z,wrk,8,550,8,21725.35,10.84MB,11366563.840,11.580,0,0,0,0,0,continue
2026-03-05T12:54:03Z,wrk,8,650,8,21629.20,10.79MB,11314135.040,13.910,0,0,0,0,0,continue
2026-03-05T12:54:11Z,wrk,8,750,8,21362.95,10.66MB,11177820.160,16.570,0,0,0,0,0,continue
2026-03-05T12:54:19Z,wrk,8,850,8,21261.70,10.60MB,11114905.600,19.000,0,0,0,0,0,continue
2026-03-05T12:54:27Z,wrk,8,950,8,20815.04,10.38MB,10884218.880,21.070,0,0,0,0,0,continue
2026-03-05T12:54:35Z,wrk,8,1050,8,20990.02,10.47MB,10978590.720,21.940,31,31,0,0,0,first_socket_error
2026-03-05T12:54:44Z,wrk,16,50,8,20572.91,10.26MB,10758389.760,1.350,0,0,0,0,0,continue
2026-03-05T12:54:53Z,wrk,16,150,8,22364.90,11.15MB,11691622.400,3.480,0,0,0,0,0,continue
2026-03-05T12:55:01Z,wrk,16,250,8,22825.49,11.38MB,11932794.880,5.340,0,0,0,0,0,continue
2026-03-05T12:55:09Z,wrk,16,350,8,22178.28,11.06MB,11597250.560,7.220,0,0,0,0,0,continue
2026-03-05T12:55:17Z,wrk,16,450,8,21506.69,10.73MB,11251220.480,9.760,0,0,0,0,0,continue
2026-03-05T12:55:25Z,wrk,16,550,8,21904.38,10.93MB,11460935.680,12.160,0,0,0,0,0,continue
2026-03-05T12:55:33Z,wrk,16,650,8,21508.53,10.73MB,11251220.480,13.380,0,0,0,0,0,continue
2026-03-05T12:55:41Z,wrk,16,750,8,21293.70,10.62MB,11135877.120,15.340,0,0,0,0,0,continue
2026-03-05T12:55:50Z,wrk,16,850,8,20104.61,10.03MB,10517217.280,17.380,0,0,0,0,0,continue
2026-03-05T12:55:58Z,wrk,16,950,8,21071.65,10.51MB,11020533.760,19.500,0,0,0,0,0,continue
2026-03-05T12:56:06Z,wrk,16,1050,8,20883.80,10.42MB,10926161.920,20.170,31,31,0,0,0,first_socket_error
2026-03-05T12:56:16Z,wrk,4,50,8,22490.04,11.22MB,11765022.720,1.540,0,0,0,0,0,continue
2026-03-05T12:56:25Z,wrk,4,150,8,23570.71,11.76MB,12331253.760,4.050,0,0,0,0,0,continue
2026-03-05T12:56:33Z,wrk,4,250,8,23470.41,11.71MB,12278824.960,6.820,0,0,0,0,0,continue
2026-03-05T12:56:41Z,wrk,4,350,8,23172.30,11.56MB,12121538.560,9.580,0,0,0,0,0,continue
2026-03-05T12:56:49Z,wrk,4,450,8,22191.81,11.07MB,11607736.320,12.940,0,0,0,0,0,continue
2026-03-05T12:56:57Z,wrk,4,550,8,22525.59,11.24MB,11785994.240,15.460,0,0,0,0,0,continue
2026-03-05T12:57:05Z,wrk,4,650,8,22180.86,11.06MB,11597250.560,16.460,0,0,0,0,0,continue
2026-03-05T12:57:13Z,wrk,4,750,8,22328.19,11.14MB,11681136.640,18.900,0,0,0,0,0,continue
2026-03-05T12:57:21Z,wrk,4,850,8,21812.76,10.88MB,11408506.880,20.890,0,0,0,0,0,continue
2026-03-05T12:57:29Z,wrk,4,950,8,21574.61,10.76MB,11282677.760,21.380,0,0,0,0,0,continue
2026-03-05T12:57:38Z,wrk,4,1050,8,21817.56,10.88MB,11408506.880,21.460,31,31,0,0,0,first_socket_error
2026-03-05T12:57:47Z,wrk,8,50,8,21576.31,10.76MB,11282677.760,1.410,0,0,0,0,0,continue
2026-03-05T12:57:55Z,wrk,8,150,8,23682.57,11.81MB,12383682.560,3.740,0,0,0,0,0,continue
2026-03-05T12:58:03Z,wrk,8,250,8,23696.32,11.82MB,12394168.320,6.190,0,0,0,0,0,continue
2026-03-05T12:58:11Z,wrk,8,350,8,22865.46,11.40MB,11953766.400,8.000,0,0,0,0,0,continue
2026-03-05T12:58:19Z,wrk,8,450,8,21470.63,10.71MB,11230248.960,9.420,0,0,0,0,0,continue
2026-03-05T12:58:27Z,wrk,8,550,8,22119.09,11.03MB,11565793.280,12.140,0,0,0,0,0,continue
2026-03-05T12:58:35Z,wrk,8,650,8,21581.35,10.76MB,11282677.760,13.960,0,0,0,0,0,continue
2026-03-05T12:58:44Z,wrk,8,750,8,21479.72,10.71MB,11230248.960,16.610,0,0,0,0,0,continue
2026-03-05T12:58:52Z,wrk,8,850,8,20918.40,10.43MB,10936647.680,19.470,0,0,0,0,0,continue
2026-03-05T12:59:00Z,wrk,8,950,8,21425.05,10.69MB,11209277.440,21.300,0,0,0,0,0,continue
2026-03-05T12:59:08Z,wrk,8,1050,8,21046.17,10.50MB,11010048.000,22.370,31,31,0,0,0,first_socket_error
2026-03-05T12:59:17Z,wrk,16,50,8,20610.20,10.28MB,10779361.280,1.360,0,0,0,0,0,continue
2026-03-05T12:59:25Z,wrk,16,150,8,22573.23,11.26MB,11806965.760,3.700,0,0,0,0,0,continue
2026-03-05T12:59:33Z,wrk,16,250,8,22547.46,11.25MB,11796480.000,5.220,0,0,0,0,0,continue
2026-03-05T12:59:41Z,wrk,16,350,8,22361.54,11.15MB,11691622.400,7.520,0,0,0,0,0,continue
2026-03-05T12:59:49Z,wrk,16,450,8,21600.25,10.77MB,11293163.520,9.610,0,0,0,0,0,continue
2026-03-05T12:59:57Z,wrk,16,550,8,21398.08,10.67MB,11188305.920,10.860,0,0,0,0,0,continue
2026-03-05T13:00:06Z,wrk,16,650,8,21652.87,10.80MB,11324620.800,13.370,0,0,0,0,0,continue
2026-03-05T13:00:14Z,wrk,16,750,8,21432.24,10.69MB,11209277.440,15.790,0,0,0,0,0,continue
2026-03-05T13:00:22Z,wrk,16,850,8,20724.30,10.34MB,10842275.840,18.230,0,0,0,0,0,continue
2026-03-05T13:00:30Z,wrk,16,950,8,20674.20,10.31MB,10810818.560,19.270,0,0,0,0,0,continue
2026-03-05T13:00:38Z,wrk,16,1050,8,20838.28,10.39MB,10894704.640,21.200,31,31,0,0,0,first_socket_error
2026-03-05T13:00:49Z,wrk,4,50,8,22750.46,11.35MB,11901337.600,1.460,0,0,0,0,0,continue
2026-03-05T13:00:57Z,wrk,4,150,8,23560.94,11.75MB,12320768.000,4.040,0,0,0,0,0,continue
2026-03-05T13:01:05Z,wrk,4,250,8,23310.62,11.63MB,12194938.880,6.750,0,0,0,0,0,continue
2026-03-05T13:01:13Z,wrk,4,350,8,22666.54,11.31MB,11859394.560,10.040,0,0,0,0,0,continue
2026-03-05T13:01:21Z,wrk,4,450,8,22650.22,11.30MB,11848908.800,13.030,0,0,0,0,0,continue
2026-03-05T13:01:29Z,wrk,4,550,8,22140.62,11.04MB,11576279.040,15.680,0,0,0,0,0,continue
2026-03-05T13:01:38Z,wrk,4,650,8,22070.96,11.01MB,11544821.760,17.290,0,0,0,0,0,continue
2026-03-05T13:01:46Z,wrk,4,750,8,21920.88,10.93MB,11460935.680,18.660,0,0,0,0,0,continue
2026-03-05T13:01:54Z,wrk,4,850,8,22044.54,11.00MB,11534336.000,20.520,0,0,0,0,0,continue
2026-03-05T13:02:02Z,wrk,4,950,8,22072.18,11.01MB,11544821.760,20.750,0,0,0,0,0,continue
2026-03-05T13:02:10Z,wrk,4,1050,8,21636.87,10.79MB,11314135.040,22.260,31,31,0,0,0,first_socket_error
2026-03-05T13:02:19Z,wrk,8,50,8,21680.04,10.81MB,11335106.560,1.400,0,0,0,0,0,continue
2026-03-05T13:02:27Z,wrk,8,150,8,23764.12,11.85MB,12425625.600,3.730,0,0,0,0,0,continue
2026-03-05T13:02:35Z,wrk,8,250,8,23597.23,11.77MB,12341739.520,6.150,0,0,0,0,0,continue
2026-03-05T13:02:43Z,wrk,8,350,8,23075.98,11.51MB,12069109.760,7.940,0,0,0,0,0,continue
2026-03-05T13:02:52Z,wrk,8,450,8,21971.33,10.96MB,11492392.960,9.690,0,0,0,0,0,continue
2026-03-05T13:03:00Z,wrk,8,550,8,21511.38,10.73MB,11251220.480,11.020,0,0,0,0,0,continue
2026-03-05T13:03:08Z,wrk,8,650,8,21243.98,10.60MB,11114905.600,13.600,0,0,0,0,0,continue
2026-03-05T13:03:16Z,wrk,8,750,8,21230.54,10.59MB,11104419.840,16.070,0,0,0,0,0,continue
2026-03-05T13:03:24Z,wrk,8,850,8,20876.91,10.41MB,10915676.160,18.400,0,0,0,0,0,continue
2026-03-05T13:03:32Z,wrk,8,950,8,20814.46,10.38MB,10884218.880,20.900,0,0,0,0,0,continue
2026-03-05T13:03:40Z,wrk,8,1050,8,20865.15,10.41MB,10915676.160,22.590,31,31,0,0,0,first_socket_error
2026-03-05T13:03:49Z,wrk,16,50,8,20404.34,10.18MB,10674503.680,1.370,0,0,0,0,0,continue
2026-03-05T13:03:58Z,wrk,16,150,8,23146.27,11.54MB,12100567.040,3.590,0,0,0,0,0,continue
2026-03-05T13:04:06Z,wrk,16,250,8,22959.61,11.45MB,12006195.200,5.510,0,0,0,0,0,continue
2026-03-05T13:04:14Z,wrk,16,350,8,22526.17,11.24MB,11785994.240,7.310,0,0,0,0,0,continue
2026-03-05T13:04:22Z,wrk,16,450,8,22373.70,11.16MB,11702108.160,9.360,0,0,0,0,0,continue
2026-03-05T13:04:30Z,wrk,16,550,8,21423.80,10.69MB,11209277.440,11.540,0,0,0,0,0,continue
2026-03-05T13:04:38Z,wrk,16,650,8,21437.55,10.69MB,11209277.440,13.390,0,0,0,0,0,continue
2026-03-05T13:04:46Z,wrk,16,750,8,21093.59,10.52MB,11031019.520,15.480,0,0,0,0,0,continue
2026-03-05T13:04:54Z,wrk,16,850,8,20973.76,10.46MB,10968104.960,17.770,0,0,0,0,0,continue
2026-03-05T13:05:03Z,wrk,16,950,8,20941.83,10.45MB,10957619.200,19.850,0,0,0,0,0,continue
2026-03-05T13:05:11Z,wrk,16,1050,8,20809.08,10.38MB,10884218.880,20.440,31,31,0,0,0,first_socket_error
2026-03-05T13:05:21Z,wrk,4,50,8,22510.58,11.23MB,11775508.480,1.490,0,0,0,0,0,continue
2026-03-05T13:05:29Z,wrk,4,150,8,23402.69,11.67MB,12236881.920,4.010,0,0,0,0,0,continue
2026-03-05T13:05:38Z,wrk,4,250,8,23446.02,11.69MB,12257853.440,6.570,0,0,0,0,0,continue
2026-03-05T13:05:46Z,wrk,4,350,8,22614.11,11.28MB,11827937.280,10.140,0,0,0,0,0,continue
2026-03-05T13:05:54Z,wrk,4,450,8,23020.85,11.48MB,12037652.480,12.510,0,0,0,0,0,continue
2026-03-05T13:06:02Z,wrk,4,550,8,22904.96,11.42MB,11974737.920,14.670,0,0,0,0,0,continue
2026-03-05T13:06:10Z,wrk,4,650,8,22079.73,11.01MB,11544821.760,17.620,0,0,0,0,0,continue
2026-03-05T13:06:18Z,wrk,4,750,8,22310.84,11.13MB,11670650.880,19.910,0,0,0,0,0,continue
2026-03-05T13:06:26Z,wrk,4,850,8,21777.79,10.86MB,11387535.360,19.990,0,0,0,0,0,continue
2026-03-05T13:06:34Z,wrk,4,950,8,21746.73,10.85MB,11377049.600,21.730,0,0,0,0,0,continue
2026-03-05T13:06:43Z,wrk,4,1050,8,22007.24,10.98MB,11513364.480,22.050,31,31,0,0,0,first_socket_error
2026-03-05T13:06:52Z,wrk,8,50,8,21846.12,10.90MB,11429478.400,1.410,0,0,0,0,0,continue
2026-03-05T13:07:00Z,wrk,8,150,8,23558.73,11.75MB,12320768.000,3.700,0,0,0,0,0,continue
2026-03-05T13:07:08Z,wrk,8,250,8,23585.85,11.76MB,12331253.760,6.200,0,0,0,0,0,continue
2026-03-05T13:07:16Z,wrk,8,350,8,22480.40,11.21MB,11754536.960,7.650,0,0,0,0,0,continue
2026-03-05T13:07:24Z,wrk,8,450,8,21636.82,10.79MB,11314135.040,9.770,0,0,0,0,0,continue
2026-03-05T13:07:32Z,wrk,8,550,8,21700.13,10.82MB,11345592.320,11.680,0,0,0,0,0,continue
2026-03-05T13:07:40Z,wrk,8,650,8,21496.62,10.72MB,11240734.720,13.940,0,0,0,0,0,continue
2026-03-05T13:07:48Z,wrk,8,750,8,21105.18,10.53MB,11041505.280,15.990,0,0,0,0,0,continue
2026-03-05T13:07:57Z,wrk,8,850,8,20828.64,10.39MB,10894704.640,19.230,0,0,0,0,0,continue
2026-03-05T13:08:05Z,wrk,8,950,8,21264.13,10.61MB,11125391.360,21.110,0,0,0,0,0,continue
2026-03-05T13:08:13Z,wrk,8,1050,8,20240.10,10.10MB,10590617.600,23.150,31,31,0,0,0,first_socket_error
2026-03-05T13:08:22Z,wrk,16,50,8,20496.47,10.22MB,10716446.720,1.390,0,0,0,0,0,continue
2026-03-05T13:08:30Z,wrk,16,150,8,23172.54,11.56MB,12121538.560,3.640,0,0,0,0,0,continue
2026-03-05T13:08:38Z,wrk,16,250,8,22867.01,11.41MB,11964252.160,5.310,0,0,0,0,0,continue
2026-03-05T13:08:46Z,wrk,16,350,8,22194.24,11.07MB,11607736.320,7.310,0,0,0,0,0,continue
2026-03-05T13:08:54Z,wrk,16,450,8,21632.54,10.79MB,11314135.040,9.490,0,0,0,0,0,continue
2026-03-05T13:09:02Z,wrk,16,550,8,21591.05,10.77MB,11293163.520,11.240,0,0,0,0,0,continue
2026-03-05T13:09:11Z,wrk,16,650,8,21319.48,10.63MB,11146362.880,13.080,0,0,0,0,0,continue
2026-03-05T13:09:19Z,wrk,16,750,8,21173.39,10.56MB,11072962.560,14.960,0,0,0,0,0,continue
2026-03-05T13:09:27Z,wrk,16,850,8,20459.62,10.20MB,10695475.200,17.910,0,0,0,0,0,continue
2026-03-05T13:09:35Z,wrk,16,950,8,21048.60,10.50MB,11010048.000,19.270,0,0,0,0,0,continue
2026-03-05T13:09:43Z,wrk,16,1050,8,20909.16,10.43MB,10936647.680,20.930,31,31,0,0,0,first_socket_error
2026-03-05T13:09:54Z,wrk,4,50,8,22886.27,11.42MB,11974737.920,1.440,0,0,0,0,0,continue
2026-03-05T13:10:02Z,wrk,4,150,8,23619.05,11.78MB,12352225.280,3.980,0,0,0,0,0,continue
2026-03-05T13:10:10Z,wrk,4,250,8,23517.22,11.73MB,12299796.480,6.700,0,0,0,0,0,continue
2026-03-05T13:10:18Z,wrk,4,350,8,22720.03,11.33MB,11880366.080,9.640,0,0,0,0,0,continue
2026-03-05T13:10:26Z,wrk,4,450,8,23105.01,11.52MB,12079595.520,11.950,0,0,0,0,0,continue
2026-03-05T13:10:34Z,wrk,4,550,8,22420.73,11.18MB,11723079.680,15.080,0,0,0,0,0,continue
2026-03-05T13:10:42Z,wrk,4,650,8,22698.21,11.32MB,11869880.320,16.350,0,0,0,0,0,continue
2026-03-05T13:10:51Z,wrk,4,750,8,21778.64,10.86MB,11387535.360,19.650,0,0,0,0,0,continue
2026-03-05T13:10:59Z,wrk,4,850,8,22482.07,11.21MB,11754536.960,20.010,0,0,0,0,0,continue
2026-03-05T13:11:07Z,wrk,4,950,8,22510.06,11.23MB,11775508.480,20.650,0,0,0,0,0,continue
2026-03-05T13:11:15Z,wrk,4,1050,8,22209.21,11.08MB,11618222.080,20.970,31,31,0,0,0,first_socket_error
2026-03-05T13:11:24Z,wrk,8,50,8,21756.42,10.85MB,11377049.600,1.350,0,0,0,0,0,continue
2026-03-05T13:11:32Z,wrk,8,150,8,23716.18,11.83MB,12404654.080,3.790,0,0,0,0,0,continue
2026-03-05T13:11:40Z,wrk,8,250,8,23747.73,11.84MB,12415139.840,6.210,0,0,0,0,0,continue
2026-03-05T13:11:48Z,wrk,8,350,8,23170.02,11.56MB,12121538.560,8.530,0,0,0,0,0,continue
2026-03-05T13:11:57Z,wrk,8,450,8,21685.44,10.82MB,11345592.320,10.000,0,0,0,0,0,continue
2026-03-05T13:12:05Z,wrk,8,550,8,21977.17,10.96MB,11492392.960,11.990,0,0,0,0,0,continue
2026-03-05T13:12:13Z,wrk,8,650,8,21741.79,10.84MB,11366563.840,14.260,0,0,0,0,0,continue
2026-03-05T13:12:21Z,wrk,8,750,8,21381.53,10.66MB,11177820.160,16.290,0,0,0,0,0,continue
2026-03-05T13:12:29Z,wrk,8,850,8,20566.31,10.26MB,10758389.760,18.200,0,0,0,0,0,continue
2026-03-05T13:12:37Z,wrk,8,950,8,20937.15,10.44MB,10947133.440,21.300,0,0,0,0,0,continue
2026-03-05T13:12:45Z,wrk,8,1050,8,21180.11,10.56MB,11072962.560,23.000,31,31,0,0,0,first_socket_error
2026-03-05T13:12:54Z,wrk,16,50,8,21006.53,10.48MB,10989076.480,1.340,0,0,0,0,0,continue
2026-03-05T13:13:02Z,wrk,16,150,8,22838.32,11.39MB,11943280.640,3.630,0,0,0,0,0,continue
2026-03-05T13:13:11Z,wrk,16,250,8,22780.50,11.36MB,11911823.360,5.590,0,0,0,0,0,continue
2026-03-05T13:13:19Z,wrk,16,350,8,22595.98,11.27MB,11817451.520,7.120,0,0,0,0,0,continue
2026-03-05T13:13:27Z,wrk,16,450,8,21849.89,10.90MB,11429478.400,9.350,0,0,0,0,0,continue
2026-03-05T13:13:35Z,wrk,16,550,8,21438.22,10.69MB,11209277.440,11.640,0,0,0,0,0,continue
2026-03-05T13:13:43Z,wrk,16,650,8,21563.49,10.76MB,11282677.760,13.280,0,0,0,0,0,continue
2026-03-05T13:13:51Z,wrk,16,750,8,20935.10,10.44MB,10947133.440,15.240,0,0,0,0,0,continue
2026-03-05T13:13:59Z,wrk,16,850,8,21530.71,10.74MB,11261706.240,17.320,0,0,0,0,0,continue
2026-03-05T13:14:07Z,wrk,16,950,8,21150.82,10.55MB,11062476.800,19.500,0,0,0,0,0,continue
2026-03-05T13:14:16Z,wrk,16,1050,8,21016.92,10.48MB,10989076.480,20.580,31,31,0,0,0,first_socket_error
